steps,student3_time
1,1.71661376953125e-05
2,2.002716064453125e-05
3,5.584292941623264e-05
4,9.779930114746093e-05
5,0.0002319812774658203
