length,student3_time
5,2.582867940266927e-05
6,3.337860107421875e-05
7,4.8955281575520836e-05
8,8.002916971842448e-05
9,0.00010402997334798177
10,0.00020535786946614584
