steps,student3_time
2,1.430511474609375e-05
3,3.2454729080200195e-05
4,5.025863647460938e-05
5,0.00011340777079264323
