steps,student3_time
1,9.298324584960938e-06
2,1.7070770263671874e-05
3,3.9270945957728797e-05
4,7.343292236328125e-05
5,0.00010546048482259114
