length,student3_time
5,1.7007191975911457e-05
6,2.8212865193684895e-05
7,3.131230672200521e-05
8,5.523363749186198e-05
9,8.376439412434895e-05
10,0.0001426537831624349
