length,student3_time
5,1.3907750447591146e-05
6,1.9709269205729168e-05
7,2.4557113647460938e-05
8,3.4968058268229164e-05
9,7.565816243489583e-05
10,0.00010879834493001302
