length,student3_time
5,1.613299051920573e-05
6,2.7020772298177082e-05
7,3.5603841145833336e-05
8,4.673004150390625e-05
9,7.406870524088542e-05
10,9.369850158691406e-05
