steps,student3_time
2,2.0122528076171876e-05
3,3.876686096191406e-05
4,7.300376892089843e-05
5,0.00013836224873860678
