length,student1_time
5,1.2636184692382812e-05
6,1.9629796346028645e-05
7,2.47955322265625e-05
8,3.4332275390625e-05
9,7.534027099609375e-05
10,0.00010959307352701823
