steps,student1_time
2,2.460479736328125e-05
3,3.662109375e-05
4,7.538795471191406e-05
5,0.0001357396443684896
