steps,student1_time
1,8.821487426757812e-06
2,1.654624938964844e-05
3,3.8760049002511164e-05
4,7.367134094238281e-05
5,0.00010625521341959636
