length,student1_time
5,1.8676122029622395e-05
6,2.765655517578125e-05
7,3.0358632405598957e-05
8,4.6412150065104164e-05
9,6.75519307454427e-05
10,9.195009867350261e-05
