length,student1_time
5,2.2729237874348957e-05
6,2.8928120930989582e-05
7,3.66369883219401e-05
8,5.133946736653646e-05
9,8.932749430338542e-05
10,0.00013446807861328125
