steps,student1_time
2,1.4424324035644531e-05
3,2.962350845336914e-05
4,4.963874816894531e-05
5,0.00011126200358072917
