steps,student2_time
2,1.3256072998046875e-05
3,3.080368041992187e-05
4,6.847381591796875e-05
5,0.00012787183125813803
