length,student2_time
5,1.533826192220052e-05
6,2.8133392333984375e-05
7,3.4014383951822914e-05
8,5.8650970458984375e-05
9,6.540616353352864e-05
10,9.067853291829427e-05
