length,student2_time
5,1.2715657552083334e-05
6,2.0265579223632812e-05
7,2.5590260823567707e-05
8,3.512700398763021e-05
9,7.74065653483073e-05
10,0.00011078516642252605
