steps,student2_time
2,1.33514404296875e-05
3,2.86102294921875e-05
4,5.879402160644531e-05
5,0.00010903676350911458
