length,student2_time
5,1.33514404296875e-05
6,1.9391377766927082e-05
7,2.7020772298177082e-05
8,4.593531290690104e-05
9,7.851918538411458e-05
10,0.0001312096913655599
