steps,student2_time
1,8.821487426757812e-06
2,1.7023086547851564e-05
3,3.9713723318917414e-05
4,7.49826431274414e-05
5,0.0001079241434733073
