steps,student2_time,student3_time,student1_time
2,1.33514404296875e-05,1.430511474609375e-05,1.4424324035644531e-05
3,2.86102294921875e-05,3.2454729080200195e-05,2.962350845336914e-05
4,5.879402160644531e-05,5.025863647460938e-05,4.963874816894531e-05
5,0.00010903676350911458,0.00011340777079264323,0.00011126200358072917
