steps,student2_time,student3_time,student1_time
2,1.3256072998046875e-05,2.0122528076171876e-05,2.460479736328125e-05
3,3.080368041992187e-05,3.876686096191406e-05,3.662109375e-05
4,6.847381591796875e-05,7.300376892089843e-05,7.538795471191406e-05
5,0.00012787183125813803,0.00013836224873860678,0.0001357396443684896
