length,student2_time,student3_time,student1_time
5,1.533826192220052e-05,1.613299051920573e-05,1.8676122029622395e-05
6,2.8133392333984375e-05,2.7020772298177082e-05,2.765655517578125e-05
7,3.4014383951822914e-05,3.5603841145833336e-05,3.0358632405598957e-05
8,5.8650970458984375e-05,4.673004150390625e-05,4.6412150065104164e-05
9,6.540616353352864e-05,7.406870524088542e-05,6.75519307454427e-05
10,9.067853291829427e-05,9.369850158691406e-05,9.195009867350261e-05
