length,student2_time,student3_time,student1_time
5,1.33514404296875e-05,1.7007191975911457e-05,2.2729237874348957e-05
6,1.9391377766927082e-05,2.8212865193684895e-05,2.8928120930989582e-05
7,2.7020772298177082e-05,3.131230672200521e-05,3.66369883219401e-05
8,4.593531290690104e-05,5.523363749186198e-05,5.133946736653646e-05
9,7.851918538411458e-05,8.376439412434895e-05,8.932749430338542e-05
10,0.0001312096913655599,0.0001426537831624349,0.00013446807861328125
